{
  "functional_grasp": {
    "handle": [
      [
        0.26331137718773806,
        8.066646206690105,
        3.2150505,
        0.491243283263552,
        -0.5086059738623265,
        -0.49124328326355204,
        -0.5086059738623265
      ],
      [
        -0.26310922408430976,
        8.066646212050234,
        3.2150505,
        0.5086059688603823,
        -0.4912432884422867,
        -0.5086059688603823,
        -0.49124328844228665
      ],
      [
        0.26331137718773806,
        8.066646206690105,
        4.0723972999999996,
        0.491243283263552,
        -0.5086059738623265,
        -0.49124328326355204,
        -0.5086059738623265
      ],
      [
        -0.26310922408430976,
        8.066646212050234,
        4.0723972999999996,
        0.5086059688603823,
        -0.4912432884422867,
        -0.5086059688603823,
        -0.49124328844228665
      ],
      [
        0.26331137718773806,
        8.066646206690105,
        4.9297441,
        0.491243283263552,
        -0.5086059738623265,
        -0.49124328326355204,
        -0.5086059738623265
      ],
      [
        -0.26310922408430976,
        8.066646212050234,
        4.9297441,
        0.5086059688603823,
        -0.4912432884422867,
        -0.5086059688603823,
        -0.49124328844228665
      ],
      [
        0.26331137718773806,
        8.066646206690105,
        5.7870909,
        0.491243283263552,
        -0.5086059738623265,
        -0.49124328326355204,
        -0.5086059738623265
      ],
      [
        -0.26310922408430976,
        8.066646212050234,
        5.7870909,
        0.5086059688603823,
        -0.4912432884422867,
        -0.5086059688603823,
        -0.49124328844228665
      ]
    ],
    "body": [
      [
        4.38693934334152,
        0.49030483880474973,
        8.1447946,
        3.599956202415577e-09,
        0.7071067811865475,
        -3.599956202415577e-09,
        0.7071067811865475
      ],
      [
        4.38693934334152,
        0.49030483880474973,
        8.573468,
        3.599956202415577e-09,
        0.7071067811865475,
        -3.599956202415577e-09,
        0.7071067811865475
      ],
      [
        -4.386737344525945,
        0.4903049281402013,
        8.1447946,
        0.7071067811865475,
        -3.599956202415577e-09,
        -0.7071067811865475,
        -3.599956202415577e-09
      ],
      [
        -4.386737344525945,
        0.4903049281402013,
        8.573468,
        0.7071067811865475,
        -3.599956202415577e-09,
        -0.7071067811865475,
        -3.599956202415577e-09
      ],
      [
        4.38693934334152,
        0.49030483880474973,
        8.1447946,
        3.599956202415577e-09,
        0.7071067811865475,
        -3.599956202415577e-09,
        0.7071067811865475
      ],
      [
        4.38693934334152,
        0.49030483880474973,
        8.573468,
        3.599956202415577e-09,
        0.7071067811865475,
        -3.599956202415577e-09,
        0.7071067811865475
      ],
      [
        -4.386737344525945,
        0.4903049281402013,
        8.1447946,
        0.7071067811865475,
        -3.599956202415577e-09,
        -0.7071067811865475,
        -3.599956202415577e-09
      ],
      [
        -4.386737344525945,
        0.4903049281402013,
        8.573468,
        0.7071067811865475,
        -3.599956202415577e-09,
        -0.7071067811865475,
        -3.599956202415577e-09
      ]
    ],
    "topdown_side": [
      [
        4.38693934334152,
        0.49030483880474973,
        6.0014276,
        0.0,
        1.0,
        0.0,
        0.0
      ],
      [
        -4.386737344525945,
        0.4903049281402013,
        6.0014276,
        0.0,
        1.0,
        0.0,
        0.0
      ],
      [
        4.38693934334152,
        0.49030483880474973,
        6.8587744,
        0.0,
        1.0,
        0.0,
        0.0
      ],
      [
        -4.386737344525945,
        0.4903049281402013,
        6.8587744,
        0.0,
        1.0,
        0.0,
        0.0
      ]
    ]
  },
  "grasp": {
    "body": [
      [
        0.26331137718773806,
        8.066646206690105,
        3.2150505,
        0.491243283263552,
        -0.5086059738623265,
        -0.49124328326355204,
        -0.5086059738623265
      ],
      [
        -0.26310922408430976,
        8.066646212050234,
        3.2150505,
        0.5086059688603823,
        -0.4912432884422867,
        -0.5086059688603823,
        -0.49124328844228665
      ],
      [
        0.26331137718773806,
        8.066646206690105,
        4.0723972999999996,
        0.491243283263552,
        -0.5086059738623265,
        -0.49124328326355204,
        -0.5086059738623265
      ],
      [
        -0.26310922408430976,
        8.066646212050234,
        4.0723972999999996,
        0.5086059688603823,
        -0.4912432884422867,
        -0.5086059688603823,
        -0.49124328844228665
      ],
      [
        0.26331137718773806,
        8.066646206690105,
        4.9297441,
        0.491243283263552,
        -0.5086059738623265,
        -0.49124328326355204,
        -0.5086059738623265
      ],
      [
        -0.26310922408430976,
        8.066646212050234,
        4.9297441,
        0.5086059688603823,
        -0.4912432884422867,
        -0.5086059688603823,
        -0.49124328844228665
      ],
      [
        0.26331137718773806,
        8.066646206690105,
        5.7870909,
        0.491243283263552,
        -0.5086059738623265,
        -0.49124328326355204,
        -0.5086059738623265
      ],
      [
        -0.26310922408430976,
        8.066646212050234,
        5.7870909,
        0.5086059688603823,
        -0.4912432884422867,
        -0.5086059688603823,
        -0.49124328844228665
      ],
      [
        4.38693934334152,
        0.49030483880474973,
        8.1447946,
        3.599956202415577e-09,
        0.7071067811865475,
        -3.599956202415577e-09,
        0.7071067811865475
      ],
      [
        4.38693934334152,
        0.49030483880474973,
        8.573468,
        3.599956202415577e-09,
        0.7071067811865475,
        -3.599956202415577e-09,
        0.7071067811865475
      ],
      [
        -4.386737344525945,
        0.4903049281402013,
        8.1447946,
        0.7071067811865475,
        -3.599956202415577e-09,
        -0.7071067811865475,
        -3.599956202415577e-09
      ],
      [
        -4.386737344525945,
        0.4903049281402013,
        8.573468,
        0.7071067811865475,
        -3.599956202415577e-09,
        -0.7071067811865475,
        -3.599956202415577e-09
      ],
      [
        4.38693934334152,
        0.49030483880474973,
        8.1447946,
        3.599956202415577e-09,
        0.7071067811865475,
        -3.599956202415577e-09,
        0.7071067811865475
      ],
      [
        4.38693934334152,
        0.49030483880474973,
        8.573468,
        3.599956202415577e-09,
        0.7071067811865475,
        -3.599956202415577e-09,
        0.7071067811865475
      ],
      [
        -4.386737344525945,
        0.4903049281402013,
        8.1447946,
        0.7071067811865475,
        -3.599956202415577e-09,
        -0.7071067811865475,
        -3.599956202415577e-09
      ],
      [
        -4.386737344525945,
        0.4903049281402013,
        8.573468,
        0.7071067811865475,
        -3.599956202415577e-09,
        -0.7071067811865475,
        -3.599956202415577e-09
      ],
      [
        4.38693934334152,
        0.49030483880474973,
        6.0014276,
        0.0,
        1.0,
        0.0,
        0.0
      ],
      [
        -4.386737344525945,
        0.4903049281402013,
        6.0014276,
        0.0,
        1.0,
        0.0,
        0.0
      ],
      [
        4.38693934334152,
        0.49030483880474973,
        6.8587744,
        0.0,
        1.0,
        0.0,
        0.0
      ],
      [
        -4.386737344525945,
        0.4903049281402013,
        6.8587744,
        0.0,
        1.0,
        0.0,
        0.0
      ]
    ]
  },