{
  "functional_grasp": {
    "handle": [
      [
        0.26331137718773806,
        8.066646206690105,
        3.2150505,
        0.491243283263552,
        -0.5086059738623265,
        -0.49124328326355204,
        -0.5086059738623265
      ],
      [
        -0.26310922408430976,
        8.066646212050234,
        3.2150505,
        0.5086059688603823,
        -0.4912432884422867,
        -0.5086059688603823,
        -0.49124328844228665
      ],
      [
        0.26331137718773806,
        8.066646206690105,
        4.0723972999999996,
        0.491243283263552,
        -0.5086059738623265,
        -0.49124328326355204,
        -0.5086059738623265
      ],
      [
        -0.26310922408430976,
        8.066646212050234,
        4.0723972999999996,
        0.5086059688603823,
        -0.4912432884422867,
        -0.5086059688603823,
        -0.49124328844228665
      ],
      [
        0.26331137718773806,
        8.066646206690105,
        4.9297441,
        0.491243283263552,
        -0.5086059738623265,
        -0.49124328326355204,
        -0.5086059738623265
      ],
      [
        -0.26310922408430976,
        8.066646212050234,
        4.9297441,
        0.5086059688603823,
        -0.4912432884422867,
        -0.5086059688603823,
        -0.49124328844228665
      ],
      [
        0.26331137718773806,
        8.066646206690105,
        5.7870909,
        0.491243283263552,
        -0.5086059738623265,
        -0.49124328326355204,
        -0.5086059738623265
      ],
      [
        -0.26310922408430976,
        8.066646212050234,
        5.7870909,
        0.5086059688603823,
        -0.4912432884422867,
        -0.5086059688603823,
        -0.49124328844228665
      ]
    ]
  },
  "grasp": {
    "body": [
      [
        0.26331137718773806,
        8.066646206690105,
        3.2150505,
        0.491243283263552,
        -0.5086059738623265,
        -0.49124328326355204,
        -0.5086059738623265
      ],
      [
        -0.26310922408430976,
        8.066646212050234,
        3.2150505,
        0.5086059688603823,
        -0.4912432884422867,
        -0.5086059688603823,
        -0.49124328844228665
      ],
      [
        0.26331137718773806,
        8.066646206690105,
        4.0723972999999996,
        0.491243283263552,
        -0.5086059738623265,
        -0.49124328326355204,
        -0.5086059738623265
      ],
      [
        -0.26310922408430976,
        8.066646212050234,
        4.0723972999999996,
        0.5086059688603823,
        -0.4912432884422867,
        -0.5086059688603823,
        -0.49124328844228665
      ],
      [
        0.26331137718773806,
        8.066646206690105,
        4.9297441,
        0.491243283263552,
        -0.5086059738623265,
        -0.49124328326355204,
        -0.5086059738623265
      ],
      [
        -0.26310922408430976,
        8.066646212050234,
        4.9297441,
        0.5086059688603823,
        -0.4912432884422867,
        -0.5086059688603823,
        -0.49124328844228665
      ],
      [
        0.26331137718773806,
        8.066646206690105,
        5.7870909,
        0.491243283263552,
        -0.5086059738623265,
        -0.49124328326355204,
        -0.5086059738623265
      ],
      [
        -0.26310922408430976,
        8.066646212050234,
        5.7870909,
        0.5086059688603823,
        -0.4912432884422867,
        -0.5086059688603823,
        -0.49124328844228665
      ]
    ]
  },
  "metadata": {
    "variant": "handle_only"
  }
}