{
  "functional_grasp": {
    "body": [
      [
        -3.238793899418453e-06,
        3.818622171040823,
        1.0185913158845648,
        0.0,
        -1.9528294351883506e-17,
        0.6092078276888085,
        0.793010606916883
      ],
      [
        -3.0076651466688295e-06,
        3.818622171040823,
        1.0185913158845648,
        0.793010606916883,
        0.6092078276888085,
        1.9528294351883506e-17,
        -0.0
      ],
      [
        2.5923703738939263e-06,
        6.9056146792817925,
        1.2158200814046976,
        0.0,
        4.919234402292545e-18,
        0.6428858402310373,
        0.7659620071716569
      ],
      [
        -8.838829419981209e-06,
        6.9056146792817925,
        1.2158200814046976,
        0.7659620071716569,
        0.6428858402310373,
        -4.919234402292545e-18,
        -0.0
      ],
      [
        2.7494682597236633e-06,
        7.715962734391387,
        2.982046429665843,
        0.8247701911510787,
        -0.5654680643401652,
        9.420799605349207e-17,
        0.0
      ],
      [
        -8.995927305810946e-06,
        7.715962734391387,
        2.982046429665843,
        0.0,
        -9.420799605349207e-17,
        -0.5654680643401652,
        0.8247701911510787
      ],
      [
        2.429848620718808e-06,
        7.634294743226071,
        3.2009768898310607,
        0.8326689468123101,
        -0.5537710944194166,
        2.823124599364156e-18,
        0.0
      ],
      [
        -8.67630766680609e-06,
        7.634294743226071,
        3.2009768898310607,
        0.0,
        -2.823124599364156e-18,
        -0.5537710944194166,
        0.8326689468123101
      ]
    ]
  },
  "grasp": {
    "body": [
      [
        -3.238793899418453e-06,
        3.818622171040823,
        1.0185913158845648,
        0.0,
        -1.9528294351883506e-17,
        0.6092078276888085,
        0.793010606916883
      ],
      [
        -3.0076651466688295e-06,
        3.818622171040823,
        1.0185913158845648,
        0.793010606916883,
        0.6092078276888085,
        1.9528294351883506e-17,
        -0.0
      ],
      [
        2.5923703738939263e-06,
        6.9056146792817925,
        1.2158200814046976,
        0.0,
        4.919234402292545e-18,
        0.6428858402310373,
        0.7659620071716569
      ],
      [
        -8.838829419981209e-06,
        6.9056146792817925,
        1.2158200814046976,
        0.7659620071716569,
        0.6428858402310373,
        -4.919234402292545e-18,
        -0.0
      ],
      [
        2.7494682597236633e-06,
        7.715962734391387,
        2.982046429665843,
        0.8247701911510787,
        -0.5654680643401652,
        9.420799605349207e-17,
        0.0
      ],
      [
        -8.995927305810946e-06,
        7.715962734391387,
        2.982046429665843,
        0.0,
        -9.420799605349207e-17,
        -0.5654680643401652,
        0.8247701911510787
      ],
      [
        2.429848620718808e-06,
        7.634294743226071,
        3.2009768898310607,
        0.8326689468123101,
        -0.5537710944194166,
        2.823124599364156e-18,
        0.0
      ],
      [
        -8.67630766680609e-06,
        7.634294743226071,
        3.2009768898310607,
        0.0,
        -2.823124599364156e-18,
        -0.5537710944194166,
        0.8326689468123101
      ]
    ]
  },
  "metadata": {
    "source": "vlm_mug_symmetry_preference",
    "variant": "body_symmetric_only",
    "quaternion_order": "wxyz",
    "num_total": 8
  }
}