{
  "functional_grasp": {
    "body": [
      [
        4.38693934334152,
        0.49030483880474973,
        4.9297441,
        3.599956202415577e-09,
        0.7071067811865475,
        -3.599956202415577e-09,
        0.7071067811865475
      ],
      [
        4.38693934334152,
        0.49030483880474973,
        5.572754199999999,
        3.599956202415577e-09,
        0.7071067811865475,
        -3.599956202415577e-09,
        0.7071067811865475
      ],
      [
        -4.386737344525945,
        0.4903049281402013,
        4.9297441,
        0.7071067811865475,
        -3.599956202415577e-09,
        -0.7071067811865475,
        -3.599956202415577e-09
      ],
      [
        -4.386737344525945,
        0.4903049281402013,
        5.572754199999999,
        0.7071067811865475,
        -3.599956202415577e-09,
        -0.7071067811865475,
        -3.599956202415577e-09
      ],
      [
        4.38693934334152,
        0.49030483880474973,
        6.430101,
        3.599956202415577e-09,
        0.7071067811865475,
        -3.599956202415577e-09,
        0.7071067811865475
      ],
      [
        4.38693934334152,
        0.49030483880474973,
        7.073111099999999,
        3.599956202415577e-09,
        0.7071067811865475,
        -3.599956202415577e-09,
        0.7071067811865475
      ],
      [
        -4.386737344525945,
        0.4903049281402013,
        6.430101,
        0.7071067811865475,
        -3.599956202415577e-09,
        -0.7071067811865475,
        -3.599956202415577e-09
      ],
      [
        -4.386737344525945,
        0.4903049281402013,
        7.073111099999999,
        0.7071067811865475,
        -3.599956202415577e-09,
        -0.7071067811865475,
        -3.599956202415577e-09
      ]
    ]
  },
  "grasp": {
    "body": [
      [
        4.38693934334152,
        0.49030483880474973,
        4.9297441,
        3.599956202415577e-09,
        0.7071067811865475,
        -3.599956202415577e-09,
        0.7071067811865475
      ],
      [
        4.38693934334152,
        0.49030483880474973,
        5.572754199999999,
        3.599956202415577e-09,
        0.7071067811865475,
        -3.599956202415577e-09,
        0.7071067811865475
      ],
      [
        -4.386737344525945,
        0.4903049281402013,
        4.9297441,
        0.7071067811865475,
        -3.599956202415577e-09,
        -0.7071067811865475,
        -3.599956202415577e-09
      ],
      [
        -4.386737344525945,
        0.4903049281402013,
        5.572754199999999,
        0.7071067811865475,
        -3.599956202415577e-09,
        -0.7071067811865475,
        -3.599956202415577e-09
      ],
      [
        4.38693934334152,
        0.49030483880474973,
        6.430101,
        3.599956202415577e-09,
        0.7071067811865475,
        -3.599956202415577e-09,
        0.7071067811865475
      ],
      [
        4.38693934334152,
        0.49030483880474973,
        7.073111099999999,
        3.599956202415577e-09,
        0.7071067811865475,
        -3.599956202415577e-09,
        0.7071067811865475
      ],
      [
        -4.386737344525945,
        0.4903049281402013,
        6.430101,
        0.7071067811865475,
        -3.599956202415577e-09,
        -0.7071067811865475,
        -3.599956202415577e-09
      ],
      [
        -4.386737344525945,
        0.4903049281402013,
        7.073111099999999,
        0.7071067811865475,
        -3.599956202415577e-09,
        -0.7071067811865475,
        -3.599956202415577e-09
      ]
    ]
  },
  "metadata": {
    "variant": "body_symmetric_only"
  }
}