{
  "functional_grasp": {
    "handle": [
      [
        0.26331137718773806,
        8.066646206690105,
        4.5010707,
        0.491243283263552,
        -0.5086059738623265,
        -0.49124328326355204,
        -0.5086059738623265
      ],
      [
        -0.26310922408430976,
        8.066646212050234,
        4.5010707,
        0.5086059688603823,
        -0.4912432884422867,
        -0.5086059688603823,
        -0.49124328844228665
      ],
      [
        0.26331137718773806,
        8.066646206690105,
        5.3584175,
        0.491243283263552,
        -0.5086059738623265,
        -0.49124328326355204,
        -0.5086059738623265
      ],
      [
        -0.26310922408430976,
        8.066646212050234,
        5.3584175,
        0.5086059688603823,
        -0.4912432884422867,
        -0.5086059688603823,
        -0.49124328844228665
      ],
      [
        0.26331137718773806,
        8.066646206690105,
        6.215764299999999,
        0.491243283263552,
        -0.5086059738623265,
        -0.49124328326355204,
        -0.5086059738623265
      ],
      [
        -0.26310922408430976,
        8.066646212050234,
        6.215764299999999,
        0.5086059688603823,
        -0.4912432884422867,
        -0.5086059688603823,
        -0.49124328844228665
      ],
      [
        0.26331137718773806,
        8.066646206690105,
        7.0731111,
        0.491243283263552,
        -0.5086059738623265,
        -0.49124328326355204,
        -0.5086059738623265
      ],
      [
        -0.26310922408430976,
        8.066646212050234,
        7.0731111,
        0.5086059688603823,
        -0.4912432884422867,
        -0.5086059688603823,
        -0.49124328844228665
      ]
    ],
    "body": [
      [
        4.38693934334152,
        0.49030483880474973,
        4.9297441,
        3.599956202415577e-09,
        0.7071067811865475,
        -3.599956202415577e-09,
        0.7071067811865475
      ],
      [
        4.38693934334152,
        0.49030483880474973,
        5.572754199999999,
        3.599956202415577e-09,
        0.7071067811865475,
        -3.599956202415577e-09,
        0.7071067811865475
      ],
      [
        -4.386737344525945,
        0.4903049281402013,
        4.9297441,
        0.7071067811865475,
        -3.599956202415577e-09,
        -0.7071067811865475,
        -3.599956202415577e-09
      ],
      [
        -4.386737344525945,
        0.4903049281402013,
        5.572754199999999,
        0.7071067811865475,
        -3.599956202415577e-09,
        -0.7071067811865475,
        -3.599956202415577e-09
      ],
      [
        4.38693934334152,
        0.49030483880474973,
        6.430101,
        3.599956202415577e-09,
        0.7071067811865475,
        -3.599956202415577e-09,
        0.7071067811865475
      ],
      [
        4.38693934334152,
        0.49030483880474973,
        7.073111099999999,
        3.599956202415577e-09,
        0.7071067811865475,
        -3.599956202415577e-09,
        0.7071067811865475
      ],
      [
        -4.386737344525945,
        0.4903049281402013,
        6.430101,
        0.7071067811865475,
        -3.599956202415577e-09,
        -0.7071067811865475,
        -3.599956202415577e-09
      ],
      [
        -4.386737344525945,
        0.4903049281402013,
        7.073111099999999,
        0.7071067811865475,
        -3.599956202415577e-09,
        -0.7071067811865475,
        -3.599956202415577e-09
      ]
    ],
    "topdown_side": [
      [
        4.38693934334152,
        0.49030483880474973,
        7.287447800000001,
        0.0,
        1.0,
        0.0,
        0.0
      ],
      [
        -4.386737344525945,
        0.4903049281402013,
        7.287447800000001,
        0.0,
        1.0,
        0.0,
        0.0
      ],
      [
        4.38693934334152,
        0.49030483880474973,
        8.3591313,
        0.0,
        1.0,
        0.0,
        0.0
      ],
      [
        -4.386737344525945,
        0.4903049281402013,
        8.3591313,
        0.0,
        1.0,
        0.0,
        0.0
      ]
    ]
  },