{
  "functional_grasp": {
    "handle": [
      [
        0.26331137718773806,
        8.066646206690105,
        4.5010707,
        0.491243283263552,
        -0.5086059738623265,
        -0.49124328326355204,
        -0.5086059738623265
      ],
      [
        -0.26310922408430976,
        8.066646212050234,
        4.5010707,
        0.5086059688603823,
        -0.4912432884422867,
        -0.5086059688603823,
        -0.49124328844228665
      ],
      [
        0.26331137718773806,
        8.066646206690105,
        5.3584175,
        0.491243283263552,
        -0.5086059738623265,
        -0.49124328326355204,
        -0.5086059738623265
      ],
      [
        -0.26310922408430976,
        8.066646212050234,
        5.3584175,
        0.5086059688603823,
        -0.4912432884422867,
        -0.5086059688603823,
        -0.49124328844228665
      ],
      [
        0.26331137718773806,
        8.066646206690105,
        6.215764299999999,
        0.491243283263552,
        -0.5086059738623265,
        -0.49124328326355204,
        -0.5086059738623265
      ],
      [
        -0.26310922408430976,
        8.066646212050234,
        6.215764299999999,
        0.5086059688603823,
        -0.4912432884422867,
        -0.5086059688603823,
        -0.49124328844228665
      ],
      [
        0.26331137718773806,
        8.066646206690105,
        7.0731111,
        0.491243283263552,
        -0.5086059738623265,
        -0.49124328326355204,
        -0.5086059738623265
      ],
      [
        -0.26310922408430976,
        8.066646212050234,
        7.0731111,
        0.5086059688603823,
        -0.4912432884422867,
        -0.5086059688603823,
        -0.49124328844228665
      ]
    ]
  },
  "grasp": {
    "body": [
      [
        0.26331137718773806,
        8.066646206690105,
        4.5010707,
        0.491243283263552,
        -0.5086059738623265,
        -0.49124328326355204,
        -0.5086059738623265
      ],
      [
        -0.26310922408430976,
        8.066646212050234,
        4.5010707,
        0.5086059688603823,
        -0.4912432884422867,
        -0.5086059688603823,
        -0.49124328844228665
      ],
      [
        0.26331137718773806,
        8.066646206690105,
        5.3584175,
        0.491243283263552,
        -0.5086059738623265,
        -0.49124328326355204,
        -0.5086059738623265
      ],
      [
        -0.26310922408430976,
        8.066646212050234,
        5.3584175,
        0.5086059688603823,
        -0.4912432884422867,
        -0.5086059688603823,
        -0.49124328844228665
      ],
      [
        0.26331137718773806,
        8.066646206690105,
        6.215764299999999,
        0.491243283263552,
        -0.5086059738623265,
        -0.49124328326355204,
        -0.5086059738623265
      ],
      [
        -0.26310922408430976,
        8.066646212050234,
        6.215764299999999,
        0.5086059688603823,
        -0.4912432884422867,
        -0.5086059688603823,
        -0.49124328844228665
      ],
      [
        0.26331137718773806,
        8.066646206690105,
        7.0731111,
        0.491243283263552,
        -0.5086059738623265,
        -0.49124328326355204,
        -0.5086059738623265
      ],
      [
        -0.26310922408430976,
        8.066646212050234,
        7.0731111,
        0.5086059688603823,
        -0.4912432884422867,
        -0.5086059688603823,
        -0.49124328844228665
      ]
    ]
  },
  "metadata": {
    "variant": "handle_only"
  }
}