{
  "functional_grasp": {},
  "grasp": {
    "body": [
      [
        -3.849407787193115e-06,
        1.4487019665275245,
        5.27472523519457,
        6.123233995736766e-17,
        0.0,
        1.0,
        0.0
      ],
      [
        -3.849407787193115e-06,
        1.4487019665275245,
        5.27472523519457,
        5.657130561438501e-17,
        -0.3826834323650898,
        0.9238795325112867,
        2.3432602026631493e-17
      ],
      [
        -3.849407787193115e-06,
        1.4487019665275245,
        5.27472523519457,
        4.329780281177467e-17,
        -0.7071067811865475,
        0.7071067811865476,
        4.329780281177466e-17
      ],
      [
        -3.849407787193115e-06,
        1.4487019665275245,
        5.27472523519457,
        2.3432602026631496e-17,
        -0.9238795325112867,
        0.38268343236508984,
        5.657130561438501e-17
      ]
    ]
  },
  "metadata": {
    "source": "antipodal_trimesh",
    "mesh_path": "SM_Mug_C1_extracted.obj",
    "gripper_width": 0.08,
    "num_surface_samples": 800,
    "num_antipodal": 0,
    "num_top_down": 4,
    "num_total": 4
  }
}