{
  "functional_grasp": {
    "handle": [
      [
        0.8445805384121067,
        7.427209331787784,
        2.0247071893428346,
        0.6933474410010348,
        0.13881399797037786,
        0.1388139980757465,
        0.6933474410157026
      ],
      [
        2.6483894511597494e-06,
        6.881664040910114,
        2.976498196999698,
        0.8357581741541199,
        -0.5490976910665095,
        6.695181407958261e-18,
        0.0
      ],
      [
        -3.228296499390229e-06,
        3.7127196016134625,
        -0.052757347097432405,
        -0.7020653608302372,
        0.7121125115614166,
        0.0,
        -2.1560540941089204e-17
      ],
      [
        -2.9057964300299286,
        -0.4903059709621966,
        -5.341028015738473,
        0.17434662763165418,
        0.685276041800696,
        -0.6852760417550554,
        -0.17434662762429262
      ]
    ],
    "body": [
      [
        4.090079161774145,
        -0.49031493857101655,
        -0.7909933917296241,
        0.4500347159887131,
        0.5454069621954498,
        0.5454069621857636,
        0.4500347159864297
      ],
      [
        0.843926561020569,
        7.241908318708321,
        3.0709240797071375,
        0.7007588285387993,
        0.094536047178411,
        0.09453604721537573,
        0.7007588285463859
      ],
      [
        -2.925550052381437,
        -0.49031000538145153,
        -5.307863973179826,
        -0.17622297517999574,
        0.6847959280143788,
        0.6847959280046824,
        -0.17622297518156418
      ],
      [
        2.5465506482066913e-06,
        3.6081344832615296,
        -1.791794560921292,
        7.398786565415339e-18,
        0.0,
        0.8499337592665726,
        0.5268895566045999
      ],
      [
        -3.2846842391910137e-06,
        -4.228978751640344,
        -2.675026035915015,
        0.48240157394041605,
        0.8759501820650586,
        0.0,
        -3.7852184911538496e-17
      ],
      [
        -3.9095564740738453,
        -0.4903083355163207,
        -1.7887529725170723,
        -0.3820819459507292,
        0.5949902407472514,
        0.5949902407355011,
        -0.38208194595340705
      ],
      [
        2.4695917820206914e-06,
        6.972657766269468,
        -0.18391284623562318,
        -0.6977223229592175,
        0.7163683131213952,
        0.0,
        4.332124010790952e-18
      ],
      [
        3.4697875761162926,
        -0.49030341042489,
        -3.6840935663536727,
        0.2607859579151351,
        0.6572599821677129,
        0.657259982160908,
        0.26078595791381504
      ],
      [
        -3.169665403347788e-06,
        3.77725326454794,
        0.5125959394676489,
        0.7531511839959426,
        -0.657847470197697,
        -1.2907138387760643e-17,
        0.0
      ],
      [
        2.7617976316577676e-06,
        3.077568920540747,
        -3.904754173176432,
        2.4992856909412585e-17,
        0.0,
        0.9448239265875101,
        0.3275786130805234
      ],
      [
        -3.5065338224239633,
        -0.490302390430899,
        -3.5366809669315415,
        0.2691993162679937,
        0.6538591041844174,
        -0.6538591041787534,
        -0.2691993162668769
      ],
      [
        2.6899761932323157e-06,
        7.007888353920964,
        1.5537426075287823,
        0.7798900661757014,
        -0.6259165157434816,
        1.1693146077798464e-17,
        0.0
      ]
    ]
  },
  "grasp": {
    "body": [
      [
        0.8445805384121067,
        7.427209331787784,
        2.0247071893428346,
        0.6933474410010348,
        0.13881399797037786,
        0.1388139980757465,
        0.6933474410157026
      ],
      [
        2.6483894511597494e-06,
        6.881664040910114,
        2.976498196999698,
        0.8357581741541199,
        -0.5490976910665095,
        6.695181407958261e-18,
        0.0
      ],
      [
        -3.228296499390229e-06,
        3.7127196016134625,
        -0.052757347097432405,
        -0.7020653608302372,
        0.7121125115614166,
        0.0,
        -2.1560540941089204e-17
      ],
      [
        -2.9057964300299286,
        -0.4903059709621966,
        -5.341028015738473,
        0.17434662763165418,
        0.685276041800696,
        -0.6852760417550554,
        -0.17434662762429262
      ],
      [
        4.090079161774145,
        -0.49031493857101655,
        -0.7909933917296241,
        0.4500347159887131,
        0.5454069621954498,
        0.5454069621857636,
        0.4500347159864297
      ],
      [
        0.843926561020569,
        7.241908318708321,
        3.0709240797071375,
        0.7007588285387993,
        0.094536047178411,
        0.09453604721537573,
        0.7007588285463859
      ],
      [
        -2.925550052381437,
        -0.49031000538145153,
        -5.307863973179826,
        -0.17622297517999574,
        0.6847959280143788,
        0.6847959280046824,
        -0.17622297518156418
      ],
      [
        2.5465506482066913e-06,
        3.6081344832615296,
        -1.791794560921292,
        7.398786565415339e-18,
        0.0,
        0.8499337592665726,
        0.5268895566045999
      ],
      [
        -3.2846842391910137e-06,
        -4.228978751640344,
        -2.675026035915015,
        0.48240157394041605,
        0.8759501820650586,
        0.0,
        -3.7852184911538496e-17
      ],
      [
        -3.9095564740738453,
        -0.4903083355163207,
        -1.7887529725170723,
        -0.3820819459507292,
        0.5949902407472514,
        0.5949902407355011,
        -0.38208194595340705
      ],
      [
        2.4695917820206914e-06,
        6.972657766269468,
        -0.18391284623562318,
        -0.6977223229592175,
        0.7163683131213952,
        0.0,
        4.332124010790952e-18
      ],
      [
        3.4697875761162926,
        -0.49030341042489,
        -3.6840935663536727,
        0.2607859579151351,
        0.6572599821677129,
        0.657259982160908,
        0.26078595791381504
      ],
      [
        -3.169665403347788e-06,
        3.77725326454794,
        0.5125959394676489,
        0.7531511839959426,
        -0.657847470197697,
        -1.2907138387760643e-17,
        0.0
      ],
      [
        2.7617976316577676e-06,
        3.077568920540747,
        -3.904754173176432,
        2.4992856909412585e-17,
        0.0,
        0.9448239265875101,
        0.3275786130805234
      ],
      [
        -3.5065338224239633,
        -0.490302390430899,
        -3.5366809669315415,
        0.2691993162679937,
        0.6538591041844174,
        -0.6538591041787534,
        -0.2691993162668769
      ],
      [
        2.6899761932323157e-06,
        7.007888353920964,
        1.5537426075287823,
        0.7798900661757014,
        -0.6259165157434816,
        1.1693146077798464e-17,
        0.0
      ],
      [
        -3.849407787193115e-06,
        1.4487019665275245,
        5.27472523519457,
        6.123233995736766e-17,
        0.0,
        1.0,
        0.0
      ],
      [
        -3.849407787193115e-06,
        1.4487019665275245,
        5.27472523519457,
        5.657130561438501e-17,
        -0.3826834323650898,
        0.9238795325112867,
        2.3432602026631493e-17
      ],
      [
        -3.849407787193115e-06,
        1.4487019665275245,
        5.27472523519457,
        4.329780281177467e-17,
        -0.7071067811865475,
        0.7071067811865476,
        4.329780281177466e-17
      ],
      [
        -3.849407787193115e-06,
        1.4487019665275245,
        5.27472523519457,
        2.3432602026631496e-17,
        -0.9238795325112867,
        0.38268343236508984,
        5.657130561438501e-17
      ]
    ]
  },
  "metadata": {
    "source": "vlm_guided_antipodal_critiqued",
    "vlm_model": "/data/models/Qwen/Qwen3-VL-32B-Instruct",
    "mesh_path": "SM_Mug_C1_extracted.obj",
    "gripper_width": 0.08,
    "num_vlm_regions": 4,
    "num_guided_grasps": 16,
    "num_blind_fallback": 0,
    "num_top_down": 4,
    "num_total": 20,