{
  "functional_grasp": {
    "handle": [
      [
        4.055707809472996,
        -0.49030747799429286,
        -0.9948949047499884,
        0.43639322567870137,
        0.5563820203834642,
        0.556382020346664,
        0.43639322567005673
      ],
      [
        4.055707809472996,
        -0.49030747799429286,
        -0.9948949047499884,
        0.43639322567005673,
        0.556382020346664,
        -0.5563820203834642,
        -0.43639322567870137
      ],
      [
        2.629043858776506e-06,
        7.39286673030856,
        0.4630587744191102,
        0.0,
        9.451205114271295e-18,
        0.6846483110585597,
        0.7288735762563092
      ],
      [
        2.629043858776506e-06,
        7.39286673030856,
        0.4630587744191102,
        0.7288735762563092,
        0.6846483110585597,
        -9.451205114271295e-18,
        -0.0
      ],
      [
        2.710082720093314e-06,
        7.029306604175902,
        1.654081178907615,
        0.7839183492096503,
        -0.6208639317696083,
        1.6338349866242873e-17,
        0.0
      ],
      [
        2.710082720093314e-06,
        7.029306604175902,
        1.654081178907615,
        0.0,
        -1.6338349866242873e-17,
        -0.6208639317696083,
        0.7839183492096503
      ],
      [
        0.7994642326934633,
        7.597151037332535,
        2.2122583160781573,
        0.5255126652487924,
        -0.4731135578997946,
        0.5255126652383251,
        0.4731135578998141
      ],
      [
        0.7994642326934633,
        7.597151037332535,
        2.2122583160781573,
        0.4731135578998141,
        0.5255126652383251,
        0.4731135578997946,
        -0.5255126652487924
      ],
      [
        2.723986690428195e-06,
        7.828597893605756,
        2.3412095482584028,
        0.8020350120593648,
        -0.5972770206787925,
        2.9131328069079456e-17,
        0.0
      ],
      [
        2.723986690428195e-06,
        7.828597893605756,
        2.3412095482584028,
        0.0,
        -2.9131328069079456e-17,
        -0.5972770206787925,
        0.8020350120593648
      ]
    ],
    "body": [
      [
        4.277987591743469,
        -0.49031215132576667,
        0.7012736677320828,
        0.538926477107064,
        -0.4577753294664435,
        0.45777532946815663,
        -0.5389264771146237
      ],
      [
        4.277987591743469,
        8.4255958671585,
        0.7012736677320828,
        0.5389264771146237,
        -0.45777532946815663,
        -0.4577753294664435,
        0.538926477107064
      ],
      [
        2.408891170410654e-06,
        7.70491131641291,
        1.2481724642744967,
        0.7615485179647873,
        -0.6481079036592875,
        2.9386361254935363e-18,
        0.0
      ],
      [
        2.408891170410654e-06,
        0.23037239941982168,
        1.2481724642744967,
        0.0,
        -2.9386361254935363e-18,
        -0.6481079036592875,
        0.7615485179647873
      ],
      [
        0.7994642326934633,
        7.597151037332535,
        2.2122583160781573,
        0.5255126652487924,
        -0.4731135578997946,
        0.5255126652383251,
        0.4731135578998141
      ],
      [
        0.7994642326934633,
        0.33813267850019724,
        2.2122583160781573,
        0.4731135578998141,
        0.5255126652383251,
        0.4731135578997946,
        -0.5255126652487924
      ],
      [
        4.411642121148987,
        -0.4903096188848748,
        3.0411053326761333,
        0.6260101956362387,
        -0.3288027295264253,
        0.32880272953054746,
        -0.6260101956587546
      ],
      [
        4.411642121148987,
        8.425593334717608,
        3.0411053326761333,
        0.6260101956587546,
        -0.32880272953054746,
        -0.3288027295264253,
        0.6260101956362387
      ],
      [
        -0.846514078030198,
        7.049115648772049,
        3.384845246800197,
        0.4692463811327748,
        -0.5289686508643187,
        0.46924638113272416,
        0.5289686512359871
      ],
      [
        -0.846514078030198,
        0.8861680670606829,
        3.384845246800197,
        0.5289686512359871,
        0.4692463811327241,
        0.5289686508643187,
        -0.4692463811327747
      ],
      [
        2.6064113222423746e-06,
        6.031653320851449,
        3.683359341081682,
        0.0,
        4.7949388585834216e-18,
        0.4892970101797096,
        0.8721172145011227
      ],
      [
        2.6064113222423746e-06,
        1.903630394981283,
        3.683359341081682,
        0.8721172145011227,
        0.4892970101797096,
        -4.7949388585834216e-18,
        -0.0
      ]
    ],
    "topdown_side": [
      [
        2.630089898775917e-06,
        0.5424169855241718,
        2.7868787259799173,
        0.0,
        1.0,
        0.0,
        0.0
      ],
      [
        2.630089898775917e-06,
        7.39286673030856,
        2.7868787259799173,
        0.0,
        1.0,
        0.0,
        0.0
      ],
      [
        2.630089898775917e-06,
        0.5424169855241718,
        3.67101609647288,
        0.0,
        1.0,
        0.0,
        0.0
      ],
      [
        2.630089898775917e-06,
        7.39286673030856,
        3.67101609647288,
        0.0,
        1.0,
        0.0,
        0.0
      ]
    ]
  },