{
  "functional_grasp": {
    "body": [
      [
        2.559816933048187e-06,
        6.530921998650175,
        0.4999065755989011,
        0.733594337626963,
        -0.679587630700896,
        4.540129042870134e-18,
        0.0
      ]
    ],
    "rim": [
      [
        2.645336063786946e-06,
        4.636244394701397,
        3.4639000417939845,
        0.0,
        7.006399763877565e-18,
        0.44803457170043137,
        0.894016231710147
      ],
      [
        -3.0974911906858638e-06,
        -4.327040097594234,
        -2.206102620872856,
        0.5223917621048815,
        0.8527056038780071,
        0.0,
        -6.485503493736651e-18
      ],
      [
        0.16415262222272217,
        -4.7236645363001095,
        5.24795882471683,
        -0.7070203604747111,
        0.011054857317579173,
        -0.011054857327443978,
        0.7070203604800696
      ],
      [
        -4.3790005922704065,
        -0.49030147453089434,
        2.319371826076697,
        -0.6058171209383805,
        -0.3646719292393317,
        0.3646719292382969,
        0.605817120943618
      ],
      [
        4.195253766334635,
        -0.49030295010576297,
        -0.043710167479777684,
        0.49738858268922637,
        0.5025978490005815,
        0.5025978489850579,
        0.4973885826855946
      ],
      [
        -3.760856879345553,
        -0.49030816336754146,
        -2.5117707257763118,
        0.333393953085147,
        0.6235771580602282,
        -0.6235771580484282,
        -0.3333939530825862
      ],
      [
        -3.878071274873875,
        1.2067151142861894,
        5.249951912184732,
        0.0,
        -7.332422285336942e-12,
        0.11272409509732477,
        0.9936263273406604
      ],
      [
        -0.21494712875429756,
        7.820430843134134,
        2.2450719204777347,
        0.49308342223347923,
        -0.5068221963489792,
        0.49308342223345936,
        0.5068221963618579
      ]
    ],
    "handle": [
      [
        2.641601899314519e-06,
        3.9821609504677613,
        -3.0814163670287513,
        1.305424531909014e-17,
        0.0,
        0.897769759225257,
        0.44046504903411354
      ],
      [
        -3.214616855680766e-06,
        -4.304112225603899,
        -2.3218359040475316,
        -1.268738195104066e-17,
        0.0,
        0.8587116323511019,
        -0.5124591032120571
      ],
      [
        -0.8424122878225031,
        7.196285974946978,
        3.1775787566578413,
        0.701179042582786,
        -0.09136711794464863,
        -0.0913671179229044,
        0.701179042587297
      ],
      [
        4.21862444263171,
        -0.4903023089134544,
        0.15445887143686104,
        -0.5090650857976164,
        0.49076749934637354,
        -0.49076749934905034,
        0.5090650858091258
      ],
      [
        -3.5752110479707104,
        -0.49030296741486373,
        -3.2645883551264854,
        -0.2853509946487287,
        0.6469735774027947,
        0.6469735773953461,
        -0.2853509946502362
      ],
      [
        3.448939013372964,
        -0.4903061411736344,
        -3.7654969941975827,
        -0.2562108715827925,
        0.6590568938171866,
        -0.6590568938087055,
        0.25621087158442024
      ],
      [
        -0.8444407426479522,
        6.38935821080222,
        -0.23113585845607437,
        -0.42895111346124615,
        0.5621396110651545,
        0.5621396110560274,
        -0.42895111331438696
      ],
      [
        -2.5005306266215332e-06,
        -3.63267861974012,
        -4.813289031480435,
        -2.90322737031909e-18,
        0.0,
        0.9482058163021164,
        -0.31765662267743916
      ],
      [
        2.6892957717713876e-06,
        5.5024221712955335,
        -1.7206742310216676,
        -0.5922586224825591,
        0.8057479283839714,
        0.0,
        2.1958886278121286e-17
      ],
      [
        0.8431305606148473,
        6.748767568591678,
        0.20416866269730682,
        0.5557322375322119,
        0.4372204022169868,
        0.4372204023294055,
        0.5557322375385203
      ],
      [
        2.562820483404532e-06,
        7.814840856397673,
        1.8336386402671865,
        0.7837192319176619,
        -0.6211152594506031,
        5.2658268923578195e-18,
        0.0
      ],
      [
        4.0096321062792395,
        -0.4903078665824112,
        -1.2616944266487908,
        -0.4182832120773543,
        0.5701220522914474,
        -0.5701220522602125,
        0.4182832120846384
      ]
    ]
  },