{
  "functional_grasp": {
    "body": [
      [
        4.38693934334152,
        0.49030483880474973,
        5.68561286875,
        3.599956202415577e-09,
        0.7071067811865475,
        -3.599956202415577e-09,
        0.7071067811865475
      ],
      [
        4.38693934334152,
        0.49030483880474973,
        6.11428626875,
        3.599956202415577e-09,
        0.7071067811865475,
        -3.599956202415577e-09,
        0.7071067811865475
      ],
      [
        -4.386737344525945,
        0.4903049281402013,
        5.68561286875,
        0.7071067811865475,
        -3.599956202415577e-09,
        -0.7071067811865475,
        -3.599956202415577e-09
      ],
      [
        -4.386737344525945,
        0.4903049281402013,
        6.11428626875,
        0.7071067811865475,
        -3.599956202415577e-09,
        -0.7071067811865475,
        -3.599956202415577e-09
      ],
      [
        4.38693934334152,
        0.49030483880474973,
        6.3286229687499995,
        3.599956202415577e-09,
        0.7071067811865475,
        -3.599956202415577e-09,
        0.7071067811865475
      ],
      [
        4.38693934334152,
        0.49030483880474973,
        6.75729636875,
        3.599956202415577e-09,
        0.7071067811865475,
        -3.599956202415577e-09,
        0.7071067811865475
      ],
      [
        -4.386737344525945,
        0.4903049281402013,
        6.3286229687499995,
        0.7071067811865475,
        -3.599956202415577e-09,
        -0.7071067811865475,
        -3.599956202415577e-09
      ],
      [
        -4.386737344525945,
        0.4903049281402013,
        6.75729636875,
        0.7071067811865475,
        -3.599956202415577e-09,
        -0.7071067811865475,
        -3.599956202415577e-09
      ]
    ]
  },
  "grasp": {
    "body": [
      [
        4.38693934334152,
        0.49030483880474973,
        5.68561286875,
        3.599956202415577e-09,
        0.7071067811865475,
        -3.599956202415577e-09,
        0.7071067811865475
      ],
      [
        4.38693934334152,
        0.49030483880474973,
        6.11428626875,
        3.599956202415577e-09,
        0.7071067811865475,
        -3.599956202415577e-09,
        0.7071067811865475
      ],
      [
        -4.386737344525945,
        0.4903049281402013,
        5.68561286875,
        0.7071067811865475,
        -3.599956202415577e-09,
        -0.7071067811865475,
        -3.599956202415577e-09
      ],
      [
        -4.386737344525945,
        0.4903049281402013,
        6.11428626875,
        0.7071067811865475,
        -3.599956202415577e-09,
        -0.7071067811865475,
        -3.599956202415577e-09
      ],
      [
        4.38693934334152,
        0.49030483880474973,
        6.3286229687499995,
        3.599956202415577e-09,
        0.7071067811865475,
        -3.599956202415577e-09,
        0.7071067811865475
      ],
      [
        4.38693934334152,
        0.49030483880474973,
        6.75729636875,
        3.599956202415577e-09,
        0.7071067811865475,
        -3.599956202415577e-09,
        0.7071067811865475
      ],
      [
        -4.386737344525945,
        0.4903049281402013,
        6.3286229687499995,
        0.7071067811865475,
        -3.599956202415577e-09,
        -0.7071067811865475,
        -3.599956202415577e-09
      ],
      [
        -4.386737344525945,
        0.4903049281402013,
        6.75729636875,
        0.7071067811865475,
        -3.599956202415577e-09,
        -0.7071067811865475,
        -3.599956202415577e-09
      ]
    ]
  },
  "metadata": {
    "variant": "body_symmetric_only"
  }
}