{
  "functional_grasp": {
    "topdown_side": [
      [
        4.38693934334152,
        0.49030483880474973,
        6.0014276,
        0.0,
        1.0,
        0.0,
        0.0
      ],
      [
        -4.386737344525945,
        0.4903049281402013,
        6.0014276,
        0.0,
        1.0,
        0.0,
        0.0
      ],
      [
        4.38693934334152,
        0.49030483880474973,
        6.8587744,
        0.0,
        1.0,
        0.0,
        0.0
      ],
      [
        -4.386737344525945,
        0.4903049281402013,
        6.8587744,
        0.0,
        1.0,
        0.0,
        0.0
      ]
    ]
  },
  "grasp": {
    "body": [
      [
        4.38693934334152,
        0.49030483880474973,
        6.0014276,
        0.0,
        1.0,
        0.0,
        0.0
      ],
      [
        -4.386737344525945,
        0.4903049281402013,
        6.0014276,
        0.0,
        1.0,
        0.0,
        0.0
      ],
      [
        4.38693934334152,
        0.49030483880474973,
        6.8587744,
        0.0,
        1.0,
        0.0,
        0.0
      ],
      [
        -4.386737344525945,
        0.4903049281402013,
        6.8587744,
        0.0,
        1.0,
        0.0,
        0.0
      ]
    ]
  },
  "metadata": {
    "variant": "topdown_wall_only"
  }
}