{
  "functional_grasp": {
    "body": [
      [
        4.38693934334152,
        0.49030483880474973,
        4.0723972999999996,
        3.599956202415577e-09,
        0.7071067811865475,
        -3.599956202415577e-09,
        0.7071067811865475
      ],
      [
        4.38693934334152,
        0.49030483880474973,
        4.60823905,
        3.599956202415577e-09,
        0.7071067811865475,
        -3.599956202415577e-09,
        0.7071067811865475
      ],
      [
        -4.386737344525945,
        0.4903049281402013,
        4.0723972999999996,
        0.7071067811865475,
        -3.599956202415577e-09,
        -0.7071067811865475,
        -3.599956202415577e-09
      ],
      [
        -4.386737344525945,
        0.4903049281402013,
        4.60823905,
        0.7071067811865475,
        -3.599956202415577e-09,
        -0.7071067811865475,
        -3.599956202415577e-09
      ],
      [
        4.38693934334152,
        0.49030483880474973,
        5.5727542,
        3.599956202415577e-09,
        0.7071067811865475,
        -3.599956202415577e-09,
        0.7071067811865475
      ],
      [
        4.38693934334152,
        0.49030483880474973,
        6.108595950000001,
        3.599956202415577e-09,
        0.7071067811865475,
        -3.599956202415577e-09,
        0.7071067811865475
      ],
      [
        -4.386737344525945,
        0.4903049281402013,
        5.5727542,
        0.7071067811865475,
        -3.599956202415577e-09,
        -0.7071067811865475,
        -3.599956202415577e-09
      ],
      [
        -4.386737344525945,
        0.4903049281402013,
        6.108595950000001,
        0.7071067811865475,
        -3.599956202415577e-09,
        -0.7071067811865475,
        -3.599956202415577e-09
      ]
    ]
  },
  "grasp": {
    "body": [
      [
        4.38693934334152,
        0.49030483880474973,
        4.0723972999999996,
        3.599956202415577e-09,
        0.7071067811865475,
        -3.599956202415577e-09,
        0.7071067811865475
      ],
      [
        4.38693934334152,
        0.49030483880474973,
        4.60823905,
        3.599956202415577e-09,
        0.7071067811865475,
        -3.599956202415577e-09,
        0.7071067811865475
      ],
      [
        -4.386737344525945,
        0.4903049281402013,
        4.0723972999999996,
        0.7071067811865475,
        -3.599956202415577e-09,
        -0.7071067811865475,
        -3.599956202415577e-09
      ],
      [
        -4.386737344525945,
        0.4903049281402013,
        4.60823905,
        0.7071067811865475,
        -3.599956202415577e-09,
        -0.7071067811865475,
        -3.599956202415577e-09
      ],
      [
        4.38693934334152,
        0.49030483880474973,
        5.5727542,
        3.599956202415577e-09,
        0.7071067811865475,
        -3.599956202415577e-09,
        0.7071067811865475
      ],
      [
        4.38693934334152,
        0.49030483880474973,
        6.108595950000001,
        3.599956202415577e-09,
        0.7071067811865475,
        -3.599956202415577e-09,
        0.7071067811865475
      ],
      [
        -4.386737344525945,
        0.4903049281402013,
        5.5727542,
        0.7071067811865475,
        -3.599956202415577e-09,
        -0.7071067811865475,
        -3.599956202415577e-09
      ],
      [
        -4.386737344525945,
        0.4903049281402013,
        6.108595950000001,
        0.7071067811865475,
        -3.599956202415577e-09,
        -0.7071067811865475,
        -3.599956202415577e-09
      ]
    ]
  },
  "metadata": {
    "variant": "body_symmetric_only"
  }
}