{
  "functional_grasp": {
    "body": [
      [
        4.385959795005032,
        0.39760493261196517,
        5.68561286875,
        0.7070673071650074,
        -0.0074714883674616255,
        -0.7070673071650074,
        -0.0074714883674616255
      ],
      [
        4.385959795005032,
        0.39760493261196517,
        6.11428626875,
        0.7070673071650074,
        -0.0074714883674616255,
        -0.7070673071650074,
        -0.0074714883674616255
      ],
      [
        -4.385757796189457,
        0.5830048343329859,
        5.68561286875,
        0.0074714883674616255,
        0.7070673071650074,
        -0.0074714883674616255,
        0.7070673071650074
      ],
      [
        -4.385757796189457,
        0.5830048343329859,
        6.11428626875,
        0.0074714883674616255,
        0.7070673071650074,
        -0.0074714883674616255,
        0.7070673071650074
      ],
      [
        4.385959795005032,
        0.39760493261196517,
        6.3286229687499995,
        0.7070673071650074,
        -0.0074714883674616255,
        -0.7070673071650074,
        -0.0074714883674616255
      ],
      [
        4.385959795005032,
        0.39760493261196517,
        6.75729636875,
        0.7070673071650074,
        -0.0074714883674616255,
        -0.7070673071650074,
        -0.0074714883674616255
      ],
      [
        -4.385757796189457,
        0.5830048343329859,
        6.3286229687499995,
        0.0074714883674616255,
        0.7070673071650074,
        -0.0074714883674616255,
        0.7070673071650074
      ],
      [
        -4.385757796189457,
        0.5830048343329859,
        6.75729636875,
        0.0074714883674616255,
        0.7070673071650074,
        -0.0074714883674616255,
        0.7070673071650074
      ]
    ]
  },
  "grasp": {
    "body": [
      [
        4.385959795005032,
        0.39760493261196517,
        5.68561286875,
        0.7070673071650074,
        -0.0074714883674616255,
        -0.7070673071650074,
        -0.0074714883674616255
      ],
      [
        4.385959795005032,
        0.39760493261196517,
        6.11428626875,
        0.7070673071650074,
        -0.0074714883674616255,
        -0.7070673071650074,
        -0.0074714883674616255
      ],
      [
        -4.385757796189457,
        0.5830048343329859,
        5.68561286875,
        0.0074714883674616255,
        0.7070673071650074,
        -0.0074714883674616255,
        0.7070673071650074
      ],
      [
        -4.385757796189457,
        0.5830048343329859,
        6.11428626875,
        0.0074714883674616255,
        0.7070673071650074,
        -0.0074714883674616255,
        0.7070673071650074
      ],
      [
        4.385959795005032,
        0.39760493261196517,
        6.3286229687499995,
        0.7070673071650074,
        -0.0074714883674616255,
        -0.7070673071650074,
        -0.0074714883674616255
      ],
      [
        4.385959795005032,
        0.39760493261196517,
        6.75729636875,
        0.7070673071650074,
        -0.0074714883674616255,
        -0.7070673071650074,
        -0.0074714883674616255
      ],
      [
        -4.385757796189457,
        0.5830048343329859,
        6.3286229687499995,
        0.0074714883674616255,
        0.7070673071650074,
        -0.0074714883674616255,
        0.7070673071650074
      ],
      [
        -4.385757796189457,
        0.5830048343329859,
        6.75729636875,
        0.0074714883674616255,
        0.7070673071650074,
        -0.0074714883674616255,
        0.7070673071650074
      ]
    ]
  },
  "metadata": {
    "variant": "body_symmetric_only"
  }
}