{
  "functional_grasp": {
    "topdown_side": [
      [
        4.385959795005032,
        0.39760493261196517,
        6.0014276,
        0.0,
        1.0,
        0.0,
        0.0
      ],
      [
        -4.385757796189457,
        0.5830048343329859,
        6.0014276,
        0.0,
        1.0,
        0.0,
        0.0
      ],
      [
        4.385959795005032,
        0.39760493261196517,
        6.8587744,
        0.0,
        1.0,
        0.0,
        0.0
      ],
      [
        -4.385757796189457,
        0.5830048343329859,
        6.8587744,
        0.0,
        1.0,
        0.0,
        0.0
      ]
    ]
  },
  "grasp": {
    "body": [
      [
        4.385959795005032,
        0.39760493261196517,
        6.0014276,
        0.0,
        1.0,
        0.0,
        0.0
      ],
      [
        -4.385757796189457,
        0.5830048343329859,
        6.0014276,
        0.0,
        1.0,
        0.0,
        0.0
      ],
      [
        4.385959795005032,
        0.39760493261196517,
        6.8587744,
        0.0,
        1.0,
        0.0,
        0.0
      ],
      [
        -4.385757796189457,
        0.5830048343329859,
        6.8587744,
        0.0,
        1.0,
        0.0,
        0.0
      ]
    ]
  },
  "metadata": {
    "variant": "topdown_wall_only"
  }
}