{
  "functional_grasp": {
    "body": [
      [
        -3.238793899418453e-06,
        3.818622171040823,
        1.0185913158845648,
        0.0,
        -1.9528294351883506e-17,
        0.6092078276888085,
        0.793010606916883
      ],
      [
        -3.238793899418453e-06,
        0.17153045578112192,
        1.0185913158845648,
        0.793010606916883,
        0.6092078276888085,
        1.9528294351883506e-17,
        -0.0
      ],
      [
        2.5923703738939263e-06,
        6.9056146792817925,
        1.2158200814046976,
        0.0,
        4.919234402292545e-18,
        0.6428858402310373,
        0.7659620071716569
      ],
      [
        2.5923703738939263e-06,
        -2.915462052459848,
        1.2158200814046976,
        0.7659620071716569,
        0.6428858402310373,
        -4.919234402292545e-18,
        -0.0
      ],
      [
        2.429848620718808e-06,
        7.634294743226071,
        3.2009768898310607,
        0.8326689468123101,
        -0.5537710944194166,
        2.823124599364156e-18,
        0.0
      ],
      [
        2.429848620718808e-06,
        -3.644142116404126,
        3.2009768898310607,
        0.0,
        -2.823124599364156e-18,
        -0.5537710944194166,
        0.8326689468123101
      ],
      [
        -4.427849746730165,
        -0.49030502546212396,
        3.6436096384963053,
        0.6394158550859105,
        -0.30190621764613174,
        -0.3019062176649462,
        0.6394158550947939
      ],
      [
        -4.427849746730165,
        4.480457652284069,
        3.6436096384963053,
        0.639415855094794,
        -0.30190621766494624,
        0.3019062176461318,
        -0.6394158550859106
      ]
    ]
  },
  "grasp": {
    "body": [
      [
        -3.238793899418453e-06,
        3.818622171040823,
        1.0185913158845648,
        0.0,
        -1.9528294351883506e-17,
        0.6092078276888085,
        0.793010606916883
      ],
      [
        -3.238793899418453e-06,
        0.17153045578112192,
        1.0185913158845648,
        0.793010606916883,
        0.6092078276888085,
        1.9528294351883506e-17,
        -0.0
      ],
      [
        2.5923703738939263e-06,
        6.9056146792817925,
        1.2158200814046976,
        0.0,
        4.919234402292545e-18,
        0.6428858402310373,
        0.7659620071716569
      ],
      [
        2.5923703738939263e-06,
        -2.915462052459848,
        1.2158200814046976,
        0.7659620071716569,
        0.6428858402310373,
        -4.919234402292545e-18,
        -0.0
      ],
      [
        2.429848620718808e-06,
        7.634294743226071,
        3.2009768898310607,
        0.8326689468123101,
        -0.5537710944194166,
        2.823124599364156e-18,
        0.0
      ],
      [
        2.429848620718808e-06,
        -3.644142116404126,
        3.2009768898310607,
        0.0,
        -2.823124599364156e-18,
        -0.5537710944194166,
        0.8326689468123101
      ],
      [
        -4.427849746730165,
        -0.49030502546212396,
        3.6436096384963053,
        0.6394158550859105,
        -0.30190621764613174,
        -0.3019062176649462,
        0.6394158550947939
      ],
      [
        -4.427849746730165,
        4.480457652284069,
        3.6436096384963053,
        0.639415855094794,
        -0.30190621766494624,
        0.3019062176461318,
        -0.6394158550859106
      ]
    ]
  },
  "metadata": {
    "source": "vlm_mug_symmetry_preference",
    "variant": "body_symmetric_only",
    "quaternion_order": "wxyz",
    "num_total": 8
  }
}